"layer","case","idx","us"
"B0-A","P0 (not_matched)","1","16.500473022460938"
"B0-A","P0 (not_matched)","2","15.000343322753906"
"B0-A","P0 (not_matched)","3","15.001058578491211"
"B0-A","P0 (not_matched)","4","15.499353408813477"
"B0-A","P0 (not_matched)","5","15.500545501708984"
"B0-A","P0 (not_matched)","6","15.500068664550781"
"B0-A","P0 (not_matched)","7","15.50602912902832"
"B0-A","P0 (not_matched)","8","15.513420104980469"
"B0-A","P0 (not_matched)","9","15.106916427612305"
"B0-A","P0 (not_matched)","10","15.500783920288086"
"B0-A","P0 (not_matched)","11","14.999628067016602"
"B0-A","P0 (not_matched)","12","15.500545501708984"
"B0-A","P0 (not_matched)","13","15.500068664550781"
"B0-A","P0 (not_matched)","14","15.000104904174805"
"B0-A","P0 (not_matched)","15","15.500783920288086"
"B0-A","P0 (not_matched)","16","15.004396438598633"
"B0-A","P0 (not_matched)","17","15.995979309082031"
"B0-A","P0 (not_matched)","18","15.000104904174805"
"B0-A","P0 (not_matched)","19","15.501260757446289"
"B0-A","P0 (not_matched)","20","15.499353408813477"
"B0-A","P0 (not_matched)","21","15.00558853149414"
"B0-A","P0 (not_matched)","22","15.511751174926758"
"B0-A","P0 (not_matched)","23","15.518903732299805"
"B0-A","P0 (not_matched)","24","16.492605209350586"
"B0-A","P0 (not_matched)","25","15.500545501708984"
"B0-A","P0 (not_matched)","26","15.49983024597168"
"B0-A","P0 (not_matched)","27","15.000581741333008"
"B0-A","P0 (not_matched)","28","15.000343322753906"
"B0-A","P0 (not_matched)","29","15.49983024597168"
"B0-A","P0 (not_matched)","30","15.000581741333008"
"B0-A","P0 (not_matched)","31","15.000104904174805"
"B0-A","P0 (not_matched)","32","15.501022338867188"
"B0-A","P0 (not_matched)","33","14.999628067016602"
"B0-A","P0 (not_matched)","34","15.500783920288086"
"B0-A","P0 (not_matched)","35","15.004873275756836"
"B0-A","P0 (not_matched)","36","15.511512756347656"
"B0-A","P0 (not_matched)","37","15.000343322753906"
"B0-A","P0 (not_matched)","38","15.500545501708984"
"B0-A","P0 (not_matched)","39","15.378713607788086"
"B0-A","P0 (not_matched)","40","16.06917381286621"
"B0-A","P0 (not_matched)","41","17.50040054321289"
"B0-A","P0 (not_matched)","42","15.500068664550781"
"B0-A","P0 (not_matched)","43","16.000747680664062"
"B0-A","P0 (not_matched)","44","15.500068664550781"
"B0-A","P0 (not_matched)","45","15.49983024597168"
"B0-A","P0 (not_matched)","46","15.500545501708984"
"B0-A","P0 (not_matched)","47","15.500545501708984"
"B0-A","P0 (not_matched)","48","15.500545501708984"
"B0-A","P0 (not_matched)","49","15.500068664550781"
"B0-A","P0 (not_matched)","50","15.500307083129883"
"B0-A","P1 (1 action)","1","18.503665924072266"
"B0-A","P1 (1 action)","2","18.999099731445312"
"B0-A","P1 (1 action)","3","18.60213279724121"
"B0-A","P1 (1 action)","4","18.500328063964844"
"B0-A","P1 (1 action)","5","19.002914428710938"
"B0-A","P1 (1 action)","6","18.996477127075195"
"B0-A","P1 (1 action)","7","18.500804901123047"
"B0-A","P1 (1 action)","8","18.50128173828125"
"B0-A","P1 (1 action)","9","19.00005340576172"
"B0-A","P1 (1 action)","10","19.000530242919922"
"B0-A","P1 (1 action)","11","18.500566482543945"
"B0-A","P1 (1 action)","12","18.500089645385742"
"B0-A","P1 (1 action)","13","18.500328063964844"
"B0-A","P1 (1 action)","14","18.396854400634766"
"B0-A","P1 (1 action)","15","19.060850143432617"
"B0-A","P1 (1 action)","16","18.500328063964844"
"B0-A","P1 (1 action)","17","19.00625228881836"
"B0-A","P1 (1 action)","18","19.013643264770508"
"B0-A","P1 (1 action)","19","19.001483917236328"
"B0-A","P1 (1 action)","20","19.001007080078125"
"B0-A","P1 (1 action)","21","18.999814987182617"
"B0-A","P1 (1 action)","22","18.500089645385742"
"B0-A","P1 (1 action)","23","18.50104331970215"
"B0-A","P1 (1 action)","24","19.00005340576172"
"B0-A","P1 (1 action)","25","18.60356330871582"
"B0-A","P1 (1 action)","26","18.999814987182617"
"B0-A","P1 (1 action)","27","19.00029182434082"
"B0-A","P1 (1 action)","28","18.500328063964844"
"B0-A","P1 (1 action)","29","18.500804901123047"
"B0-A","P1 (1 action)","30","19.00029182434082"
"B0-A","P1 (1 action)","31","18.50128173828125"
"B0-A","P1 (1 action)","32","18.49961280822754"
"B0-A","P1 (1 action)","33","18.500089645385742"
"B0-A","P1 (1 action)","34","19.00029182434082"
"B0-A","P1 (1 action)","35","18.500804901123047"
"B0-A","P1 (1 action)","36","18.500328063964844"
"B0-A","P1 (1 action)","37","19.00029182434082"
"B0-A","P1 (1 action)","38","19.000530242919922"
"B0-A","P1 (1 action)","39","18.503904342651367"
"B0-A","P1 (1 action)","40","18.49675178527832"
"B0-A","P1 (1 action)","41","18.505334854125977"
"B0-A","P1 (1 action)","42","19.011497497558594"
"B0-A","P1 (1 action)","43","18.500566482543945"
"B0-A","P1 (1 action)","44","18.643617630004883"
"B0-A","P1 (1 action)","45","19.078493118286133"
"B0-A","P1 (1 action)","46","19.00029182434082"
"B0-A","P1 (1 action)","47","19.00005340576172"
"B0-A","P1 (1 action)","48","18.500566482543945"
"B0-A","P1 (1 action)","49","19.000530242919922"
"B0-A","P1 (1 action)","50","18.500328063964844"
"B0-A","P3 (3 actions)","1","41.00179672241211"
"B0-A","P3 (3 actions)","2","40.9998893737793"
"B0-A","P3 (3 actions)","3","41.001319885253906"
"B0-A","P3 (3 actions)","4","40.00139236450195"
"B0-A","P3 (3 actions)","5","42.00029373168945"
"B0-A","P3 (3 actions)","6","41.0008430480957"
"B0-A","P3 (3 actions)","7","41.001319885253906"
"B0-A","P3 (3 actions)","8","40.9998893737793"
"B0-A","P3 (3 actions)","9","40.00139236450195"
"B0-A","P3 (3 actions)","10","41.20779037475586"
"B0-A","P3 (3 actions)","11","41.0008430480957"
"B0-A","P3 (3 actions)","12","41.001319885253906"
"B0-A","P3 (3 actions)","13","40.9998893737793"
"B0-A","P3 (3 actions)","14","41.0008430480957"
"B0-A","P3 (3 actions)","15","41.001319885253906"
"B0-A","P3 (3 actions)","16","41.0008430480957"
"B0-A","P3 (3 actions)","17","41.0003662109375"
"B0-A","P3 (3 actions)","18","41.01705551147461"
"B0-A","P3 (3 actions)","19","41.02277755737305"
"B0-A","P3 (3 actions)","20","41.0008430480957"
"B0-A","P3 (3 actions)","21","41.0003662109375"
"B0-A","P3 (3 actions)","22","40.00043869018555"
"B0-A","P3 (3 actions)","23","42.000770568847656"
"B0-A","P3 (3 actions)","24","41.001319885253906"
"B0-A","P3 (3 actions)","25","41.001319885253906"
"B0-A","P3 (3 actions)","26","41.0008430480957"
"B0-A","P3 (3 actions)","27","40.00139236450195"
"B0-A","P3 (3 actions)","28","44.001102447509766"
"B0-A","P3 (3 actions)","29","41.99981689453125"
"B0-A","P3 (3 actions)","30","40.00091552734375"
"B0-A","P3 (3 actions)","31","41.0008430480957"
"B0-A","P3 (3 actions)","32","41.0008430480957"
"B0-A","P3 (3 actions)","33","41.86201095581055"
"B0-A","P3 (3 actions)","34","41.0008430480957"
"B0-A","P3 (3 actions)","35","41.0008430480957"
"B0-A","P3 (3 actions)","36","40.9998893737793"
"B0-A","P3 (3 actions)","37","41.00179672241211"
"B0-A","P3 (3 actions)","38","41.001319885253906"
"B0-A","P3 (3 actions)","39","41.01133346557617"
"B0-A","P3 (3 actions)","40","41.024208068847656"
"B0-A","P3 (3 actions)","41","41.0003662109375"
"B0-A","P3 (3 actions)","42","41.00227355957031"
"B0-A","P3 (3 actions)","43","40.9998893737793"
"B0-A","P3 (3 actions)","44","41.99647903442383"
"B0-A","P3 (3 actions)","45","41.005611419677734"
"B0-A","P3 (3 actions)","46","40.9998893737793"
"B0-A","P3 (3 actions)","47","41.0008430480957"
"B0-A","P3 (3 actions)","48","40.00091552734375"
"B0-A","P3 (3 actions)","49","41.0008430480957"
"B0-A","P3 (3 actions)","50","41.0008430480957"
"B0-A","P10 (10 actions)","1","205.00659942626953"
"B0-A","P10 (10 actions)","2","211.0123634338379"
"B0-A","P10 (10 actions)","3","205.00421524047852"
"B0-A","P10 (10 actions)","4","205.00421524047852"
"B0-A","P10 (10 actions)","5","205.00421524047852"
"B0-A","P10 (10 actions)","6","210.0062370300293"
"B0-A","P10 (10 actions)","7","205.0018310546875"
"B0-A","P10 (10 actions)","8","205.00898361206055"
"B0-A","P10 (10 actions)","9","204.99944686889648"
"B0-A","P10 (10 actions)","10","210.00385284423828"
"B0-A","P10 (10 actions)","11","205.00421524047852"
"B0-A","P10 (10 actions)","12","205.00421524047852"
"B0-A","P10 (10 actions)","13","205.00421524047852"
"B0-A","P10 (10 actions)","14","210.0062370300293"
"B0-A","P10 (10 actions)","15","205.16157150268555"
"B0-A","P10 (10 actions)","16","205.00898361206055"
"B0-A","P10 (10 actions)","17","205.0018310546875"
"B0-A","P10 (10 actions)","18","205.0018310546875"
"B0-A","P10 (10 actions)","19","210.00385284423828"
"B0-A","P10 (10 actions)","20","205.00898361206055"
"B0-A","P10 (10 actions)","21","205.0018310546875"
"B0-A","P10 (10 actions)","22","210.0086212158203"
"B0-A","P10 (10 actions)","23","205.00659942626953"
"B0-A","P10 (10 actions)","24","209.99670028686523"
"B0-A","P10 (10 actions)","25","210.00385284423828"
"B0-A","P10 (10 actions)","26","205.00421524047852"
"B0-A","P10 (10 actions)","27","205.00659942626953"
"B0-A","P10 (10 actions)","28","205.0018310546875"
"B0-A","P10 (10 actions)","29","205.00898361206055"
"B0-A","P10 (10 actions)","30","204.99944686889648"
"B0-A","P10 (10 actions)","31","205.00421524047852"
"B0-A","P10 (10 actions)","32","210.00385284423828"
"B0-A","P10 (10 actions)","33","205.00421524047852"
"B0-A","P10 (10 actions)","34","204.99944686889648"
"B0-A","P10 (10 actions)","35","205.01136779785156"
"B0-A","P10 (10 actions)","36","210.06107330322266"
"B0-A","P10 (10 actions)","37","205.11627197265625"
"B0-A","P10 (10 actions)","38","205.00659942626953"
"B0-A","P10 (10 actions)","39","210.00385284423828"
"B0-A","P10 (10 actions)","40","205.00421524047852"
"B0-A","P10 (10 actions)","41","204.99944686889648"
"B0-A","P10 (10 actions)","42","210.0086212158203"
"B0-A","P10 (10 actions)","43","205.00421524047852"
"B0-A","P10 (10 actions)","44","205.00659942626953"
"B0-A","P10 (10 actions)","45","205.0018310546875"
"B0-A","P10 (10 actions)","46","205.00421524047852"
"B0-A","P10 (10 actions)","47","203.27091217041016"
"B0-A","P10 (10 actions)","48","210.00146865844727"
"B0-A","P10 (10 actions)","49","204.99944686889648"
"B0-A","P10 (10 actions)","50","205.00659942626953"
"B0-A","P25 (25 actions)","1","975.0008583068848"
"B0-A","P25 (25 actions)","2","975.0723838806152"
"B0-A","P25 (25 actions)","3","974.9889373779297"
"B0-A","P25 (25 actions)","4","950.1457214355469"
"B0-A","P25 (25 actions)","5","974.881649017334"
"B0-A","P25 (25 actions)","6","975.0247001647949"
"B0-A","P25 (25 actions)","7","975.0247001647949"
"B0-A","P25 (25 actions)","8","975.0008583068848"
"B0-A","P25 (25 actions)","9","950.2410888671875"
"B0-A","P25 (25 actions)","10","1157.3076248168945"
"B0-A","P25 (25 actions)","11","975.0008583068848"
"B0-A","P25 (25 actions)","12","950.014591217041"
"B0-A","P25 (25 actions)","13","975.0247001647949"
"B0-A","P25 (25 actions)","14","975.0127792358398"
"B0-A","P25 (25 actions)","15","975.0247001647949"
"B0-A","P25 (25 actions)","16","950.014591217041"
"B0-A","P25 (25 actions)","17","975.0008583068848"
"B0-A","P25 (25 actions)","18","975.0485420227051"
"B0-A","P25 (25 actions)","19","975.0604629516602"
"B0-A","P25 (25 actions)","20","999.9871253967285"
"B0-A","P25 (25 actions)","21","975.0127792358398"
"B0-A","P25 (25 actions)","22","975.0127792358398"
"B0-A","P25 (25 actions)","23","950.0265121459961"
"B0-A","P25 (25 actions)","24","979.9718856811523"
"B0-A","P25 (25 actions)","25","975.03662109375"
"B0-A","P25 (25 actions)","26","950.0265121459961"
"B0-A","P25 (25 actions)","27","975.0008583068848"
"B0-A","P25 (25 actions)","28","975.03662109375"
"B0-A","P25 (25 actions)","29","975.0247001647949"
"B0-A","P25 (25 actions)","30","975.0127792358398"
"B0-A","P25 (25 actions)","31","950.2768516540527"
"B0-A","P25 (25 actions)","32","975.6088256835938"
"B0-A","P25 (25 actions)","33","974.9293327331543"
"B0-A","P25 (25 actions)","34","975.0962257385254"
"B0-A","P25 (25 actions)","35","975.03662109375"
"B0-A","P25 (25 actions)","36","999.9990463256836"
"B0-A","P25 (25 actions)","37","950.0622749328613"
"B0-A","P25 (25 actions)","38","974.9770164489746"
"B0-A","P25 (25 actions)","39","975.0962257385254"
"B0-A","P25 (25 actions)","40","974.9293327331543"
"B0-A","P25 (25 actions)","41","950.0384330749512"
"B0-A","P25 (25 actions)","42","975.03662109375"
"B0-A","P25 (25 actions)","43","975.0008583068848"
"B0-A","P25 (25 actions)","44","974.8935699462891"
"B0-A","P25 (25 actions)","45","975.1439094543457"
"B0-A","P25 (25 actions)","46","950.0265121459961"
"B0-A","P25 (25 actions)","47","975.0127792358398"
"B0-A","P25 (25 actions)","48","1000.0824928283691"
"B0-A","P25 (25 actions)","49","974.9770164489746"
"B0-A","P25 (25 actions)","50","950.0026702880859"
"B0-A","P50 (50 actions)","1","3856.372833251953"
"B0-A","P50 (50 actions)","2","3900.0511169433594"
"B0-A","P50 (50 actions)","3","3850.102424621582"
"B0-A","P50 (50 actions)","4","3850.1977920532227"
"B0-A","P50 (50 actions)","5","3849.911689758301"
"B0-A","P50 (50 actions)","6","3911.900520324707"
"B0-A","P50 (50 actions)","7","3900.0749588012695"
"B0-A","P50 (50 actions)","8","3850.078582763672"
"B0-A","P50 (50 actions)","9","3850.078582763672"
"B0-A","P50 (50 actions)","10","3900.0749588012695"
"B0-A","P50 (50 actions)","11","3850.078582763672"
"B0-A","P50 (50 actions)","12","3851.6759872436523"
"B0-A","P50 (50 actions)","13","3850.078582763672"
"B0-A","P50 (50 actions)","14","3850.102424621582"
"B0-A","P50 (50 actions)","15","3900.0511169433594"
"B0-A","P50 (50 actions)","16","3850.078582763672"
"B0-A","P50 (50 actions)","17","3900.12264251709"
"B0-A","P50 (50 actions)","18","3850.0070571899414"
"B0-A","P50 (50 actions)","19","3850.078582763672"
"B0-A","P50 (50 actions)","20","3850.126266479492"
"B0-A","P50 (50 actions)","21","3850.0547409057617"
"B0-A","P50 (50 actions)","22","3850.078582763672"
"B0-A","P50 (50 actions)","23","3850.078582763672"
"B0-A","P50 (50 actions)","24","3900.0749588012695"
"B0-A","P50 (50 actions)","25","3850.0547409057617"
"B0-A","P50 (50 actions)","26","3850.6269454956055"
"B0-A","P50 (50 actions)","27","3901.1240005493164"
"B0-A","P50 (50 actions)","28","3850.0308990478516"
"B0-A","P50 (50 actions)","29","3850.126266479492"
"B0-A","P50 (50 actions)","30","3800.082206726074"
"B0-A","P50 (50 actions)","31","3800.082206726074"
"B0-A","P50 (50 actions)","32","3900.027275085449"
"B0-A","P50 (50 actions)","33","3800.1298904418945"
"B0-A","P50 (50 actions)","34","3850.078582763672"
"B0-A","P50 (50 actions)","35","3850.102424621582"
"B0-A","P50 (50 actions)","36","3882.169723510742"
"B0-A","P50 (50 actions)","37","3849.81632232666"
"B0-A","P50 (50 actions)","38","3901.6246795654297"
"B0-A","P50 (50 actions)","39","3850.126266479492"
"B0-A","P50 (50 actions)","40","3850.078582763672"
"B0-A","P50 (50 actions)","41","3850.0308990478516"
"B0-A","P50 (50 actions)","42","3810.453414916992"
"B0-A","P50 (50 actions)","43","3850.102424621582"
"B0-A","P50 (50 actions)","44","3850.0547409057617"
"B0-A","P50 (50 actions)","45","3850.102424621582"
"B0-A","P50 (50 actions)","46","3850.102424621582"
"B0-A","P50 (50 actions)","47","3850.0308990478516"
"B0-A","P50 (50 actions)","48","3850.078582763672"
"B0-A","P50 (50 actions)","49","3850.102424621582"
"B0-A","P50 (50 actions)","50","3850.0547409057617"
"B0-A","PC10 (10 actions + conditions)","1","220.05558013916016"
"B0-A","PC10 (10 actions + conditions)","2","220.11756896972656"
"B0-A","PC10 (10 actions + conditions)","3","225.0075340270996"
"B0-A","PC10 (10 actions + conditions)","4","220.00789642333984"
"B0-A","PC10 (10 actions + conditions)","5","220.0031280517578"
"B0-A","PC10 (10 actions + conditions)","6","220.00789642333984"
"B0-A","PC10 (10 actions + conditions)","7","220.0007438659668"
"B0-A","PC10 (10 actions + conditions)","8","215.00110626220703"
"B0-A","PC10 (10 actions + conditions)","9","220.0031280517578"
"B0-A","PC10 (10 actions + conditions)","10","220.0031280517578"
"B0-A","PC10 (10 actions + conditions)","11","220.0174331665039"
"B0-A","PC10 (10 actions + conditions)","12","224.99322891235352"
"B0-A","PC10 (10 actions + conditions)","13","220.00551223754883"
"B0-A","PC10 (10 actions + conditions)","14","220.00551223754883"
"B0-A","PC10 (10 actions + conditions)","15","220.0031280517578"
"B0-A","PC10 (10 actions + conditions)","16","220.0770378112793"
"B0-A","PC10 (10 actions + conditions)","17","219.93398666381836"
"B0-A","PC10 (10 actions + conditions)","18","220.0007438659668"
"B0-A","PC10 (10 actions + conditions)","19","215.00825881958008"
"B0-A","PC10 (10 actions + conditions)","20","220.0007438659668"
"B0-A","PC10 (10 actions + conditions)","21","220.0627326965332"
"B0-A","PC10 (10 actions + conditions)","22","220.1080322265625"
"B0-A","PC10 (10 actions + conditions)","23","220.00789642333984"
"B0-A","PC10 (10 actions + conditions)","24","219.99597549438477"
"B0-A","PC10 (10 actions + conditions)","25","220.00789642333984"
"B0-A","PC10 (10 actions + conditions)","26","215.00587463378906"
"B0-A","PC10 (10 actions + conditions)","27","220.0031280517578"
"B0-A","PC10 (10 actions + conditions)","28","220.0031280517578"
"B0-A","PC10 (10 actions + conditions)","29","220.00551223754883"
"B0-A","PC10 (10 actions + conditions)","30","220.01028060913086"
"B0-A","PC10 (10 actions + conditions)","31","219.99835968017578"
"B0-A","PC10 (10 actions + conditions)","32","220.00551223754883"
"B0-A","PC10 (10 actions + conditions)","33","220.00789642333984"
"B0-A","PC10 (10 actions + conditions)","34","214.996337890625"
"B0-A","PC10 (10 actions + conditions)","35","225.0051498413086"
"B0-A","PC10 (10 actions + conditions)","36","219.18296813964844"
"B0-A","PC10 (10 actions + conditions)","37","219.99835968017578"
"B0-A","PC10 (10 actions + conditions)","38","219.99835968017578"
"B0-A","PC10 (10 actions + conditions)","39","220.01266479492188"
"B0-A","PC10 (10 actions + conditions)","40","224.99561309814453"
"B0-A","PC10 (10 actions + conditions)","41","220.0031280517578"
"B0-A","PC10 (10 actions + conditions)","42","220.00551223754883"
"B0-A","PC10 (10 actions + conditions)","43","220.00789642333984"
"B0-A","PC10 (10 actions + conditions)","44","220.0031280517578"
"B0-A","PC10 (10 actions + conditions)","45","221.04263305664062"
"B0-A","PC10 (10 actions + conditions)","46","225.00038146972656"
"B0-A","PC10 (10 actions + conditions)","47","220.1700210571289"
"B0-A","PC10 (10 actions + conditions)","48","220.0031280517578"
"B0-A","PC10 (10 actions + conditions)","49","220.0007438659668"
"B0-A","PC10 (10 actions + conditions)","50","220.01028060913086"
"B0-A","PA10 (10 actions + anchor refs)","1","205.00898361206055"
"B0-A","PA10 (10 actions + anchor refs)","2","199.99980926513672"
"B0-A","PA10 (10 actions + anchor refs)","3","205.00421524047852"
"B0-A","PA10 (10 actions + anchor refs)","4","205.00898361206055"
"B0-A","PA10 (10 actions + anchor refs)","5","204.99467849731445"
"B0-A","PA10 (10 actions + anchor refs)","6","215.00825881958008"
"B0-A","PA10 (10 actions + anchor refs)","7","200.05226135253906"
"B0-A","PA10 (10 actions + anchor refs)","8","202.35061645507812"
"B0-A","PA10 (10 actions + anchor refs)","9","200.11186599731445"
"B0-A","PA10 (10 actions + anchor refs)","10","205.00659942626953"
"B0-A","PA10 (10 actions + anchor refs)","11","199.9974250793457"
"B0-A","PA10 (10 actions + anchor refs)","12","200.00934600830078"
"B0-A","PA10 (10 actions + anchor refs)","13","205.00898361206055"
"B0-A","PA10 (10 actions + anchor refs)","14","199.99980926513672"
"B0-A","PA10 (10 actions + anchor refs)","15","205.0018310546875"
"B0-A","PA10 (10 actions + anchor refs)","16","200.0570297241211"
"B0-A","PA10 (10 actions + anchor refs)","17","205.1091194152832"
"B0-A","PA10 (10 actions + anchor refs)","18","201.1275291442871"
"B0-A","PA10 (10 actions + anchor refs)","19","199.99980926513672"
"B0-A","PA10 (10 actions + anchor refs)","20","205.00659942626953"
"B0-A","PA10 (10 actions + anchor refs)","21","200.00457763671875"
"B0-A","PA10 (10 actions + anchor refs)","22","205.00898361206055"
"B0-A","PA10 (10 actions + anchor refs)","23","204.99467849731445"
"B0-A","PA10 (10 actions + anchor refs)","24","200.0141143798828"
"B0-A","PA10 (10 actions + anchor refs)","25","200.00696182250977"
"B0-A","PA10 (10 actions + anchor refs)","26","204.99229431152344"
"B0-A","PA10 (10 actions + anchor refs)","27","200.00457763671875"
"B0-A","PA10 (10 actions + anchor refs)","28","200.00457763671875"
"B0-A","PA10 (10 actions + anchor refs)","29","200.00457763671875"
"B0-A","PA10 (10 actions + anchor refs)","30","200.00219345092773"
"B0-A","PA10 (10 actions + anchor refs)","31","200.00696182250977"
"B0-A","PA10 (10 actions + anchor refs)","32","204.99229431152344"
"B0-A","PA10 (10 actions + anchor refs)","33","205.0161361694336"
"B0-A","PA10 (10 actions + anchor refs)","34","200.00934600830078"
"B0-A","PA10 (10 actions + anchor refs)","35","197.3891258239746"
"B0-A","PA10 (10 actions + anchor refs)","36","204.99706268310547"
"B0-A","PA10 (10 actions + anchor refs)","37","200.00457763671875"
"B0-A","PA10 (10 actions + anchor refs)","38","200.00457763671875"
"B0-A","PA10 (10 actions + anchor refs)","39","205.00421524047852"
"B0-A","PA10 (10 actions + anchor refs)","40","200.01649856567383"
"B0-A","PA10 (10 actions + anchor refs)","41","199.98788833618164"
"B0-A","PA10 (10 actions + anchor refs)","42","200.00457763671875"
"B0-A","PA10 (10 actions + anchor refs)","43","205.00898361206055"
"B0-A","PA10 (10 actions + anchor refs)","44","200.05226135253906"
"B0-A","PA10 (10 actions + anchor refs)","45","205.11388778686523"
"B0-A","PA10 (10 actions + anchor refs)","46","205.00421524047852"
"B0-A","PA10 (10 actions + anchor refs)","47","200.00219345092773"
"B0-A","PA10 (10 actions + anchor refs)","48","205.0018310546875"
"B0-A","PA10 (10 actions + anchor refs)","49","200.00934600830078"
"B0-A","PA10 (10 actions + anchor refs)","50","200.00219345092773"
"B0-B","P0","1","125"
"B0-B","P0","2","97.4"
"B0-B","P0","3","81.7"
"B0-B","P0","4","85.7"
"B0-B","P0","5","89.3"
"B0-B","P0","6","91.1"
"B0-B","P0","7","87"
"B0-B","P0","8","88.3"
"B0-B","P0","9","88.2"
"B0-B","P0","10","79.4"
"B0-B","P0","11","91.4"
"B0-B","P0","12","90.3"
"B0-B","P0","13","146.6"
"B0-B","P0","14","106.5"
"B0-B","P0","15","102.9"
"B0-B","P0","16","87.5"
"B0-B","P0","17","90.6"
"B0-B","P0","18","88.7"
"B0-B","P0","19","82.6"
"B0-B","P0","20","89.1"
"B0-B","P0","21","86"
"B0-B","P0","22","98.7"
"B0-B","P0","23","84"
"B0-B","P0","24","85.6"
"B0-B","P0","25","85.3"
"B0-B","P0","26","106.3"
"B0-B","P0","27","83.8"
"B0-B","P0","28","90.5"
"B0-B","P0","29","87.9"
"B0-B","P0","30","133.6"
"B0-B","P0","31","127.5"
"B0-B","P0","32","110.7"
"B0-B","P0","33","96.2"
"B0-B","P0","34","94.1"
"B0-B","P0","35","79"
"B0-B","P0","36","90.8"
"B0-B","P0","37","87.2"
"B0-B","P0","38","95"
"B0-B","P0","39","97.7"
"B0-B","P0","40","92.7"
"B0-B","P0","41","95.7"
"B0-B","P0","42","81.1"
"B0-B","P0","43","97.1"
"B0-B","P0","44","78.8"
"B0-B","P0","45","79.8"
"B0-B","P0","46","86.5"
"B0-B","P0","47","93.7"
"B0-B","P0","48","125.5"
"B0-B","P0","49","107.4"
"B0-B","P0","50","92.6"
"B0-B","P3","1","170.1"
"B0-B","P3","2","155.4"
"B0-B","P3","3","138.8"
"B0-B","P3","4","151.6"
"B0-B","P3","5","179"
"B0-B","P3","6","144.4"
"B0-B","P3","7","141"
"B0-B","P3","8","144.7"
"B0-B","P3","9","145.7"
"B0-B","P3","10","146.7"
"B0-B","P3","11","144.4"
"B0-B","P3","12","142.8"
"B0-B","P3","13","149.1"
"B0-B","P3","14","153"
"B0-B","P3","15","139"
"B0-B","P3","16","169.1"
"B0-B","P3","17","159.6"
"B0-B","P3","18","139.6"
"B0-B","P3","19","170.9"
"B0-B","P3","20","170.6"
"B0-B","P3","21","159.4"
"B0-B","P3","22","153"
"B0-B","P3","23","146.8"
"B0-B","P3","24","136.4"
"B0-B","P3","25","150.1"
"B0-B","P3","26","164.3"
"B0-B","P3","27","168.5"
"B0-B","P3","28","146.4"
"B0-B","P3","29","149.2"
"B0-B","P3","30","146.4"
"B0-B","P3","31","151"
"B0-B","P3","32","141.8"
"B0-B","P3","33","145.2"
"B0-B","P3","34","183.1"
"B0-B","P3","35","153.4"
"B0-B","P3","36","141"
"B0-B","P3","37","175.6"
"B0-B","P3","38","171.5"
"B0-B","P3","39","141.7"
"B0-B","P3","40","167.2"
"B0-B","P3","41","139.7"
"B0-B","P3","42","146.7"
"B0-B","P3","43","156.3"
"B0-B","P3","44","144.2"
"B0-B","P3","45","144.8"
"B0-B","P3","46","165.3"
"B0-B","P3","47","159.1"
"B0-B","P3","48","192.8"
"B0-B","P3","49","174.9"
"B0-B","P3","50","147.1"
"B0-B","P50","1","4632.8"
"B0-B","P50","2","4589.1"
"B0-B","P50","3","4554.3"
"B0-B","P50","4","4559.8"
"B0-B","P50","5","4584.6"
"B0-B","P50","6","4730.5"
"B0-B","P50","7","4649.3"
"B0-B","P50","8","4653.6"
"B0-B","P50","9","4672"
"B0-B","P50","10","4688.2"
"B0-B","P25","1","1496"
"B0-B","P25","2","1435"
"B0-B","P25","3","1445.3"
"B0-B","P25","4","1397"
"B0-B","P25","5","1401.5"
"B0-B","P25","6","1388.1"
"B0-B","P25","7","1402.4"
"B0-B","P25","8","1401.9"
"B0-B","P25","9","1417.8"
"B0-B","P25","10","1384.6"
"B0-B","P25","11","1377.3"
"B0-B","P25","12","1386.1"
"B0-B","P25","13","1403.3"
"B0-B","P25","14","1381.5"
"B0-B","P25","15","1379.2"
"B0-B","P25","16","1390.6"
"B0-B","P25","17","1387.5"
"B0-B","P25","18","1526.1"
"B0-B","P25","19","1439.5"
"B0-B","P25","20","1425.1"
"B0-B","P1","1","124"
"B0-B","P1","2","125"
"B0-B","P1","3","109.2"
"B0-B","P1","4","105.7"
"B0-B","P1","5","104"
"B0-B","P1","6","107.3"
"B0-B","P1","7","100.3"
"B0-B","P1","8","98.3"
"B0-B","P1","9","95.2"
"B0-B","P1","10","95"
"B0-B","P1","11","119.8"
"B0-B","P1","12","135.8"
"B0-B","P1","13","135.9"
"B0-B","P1","14","110.6"
"B0-B","P1","15","101"
"B0-B","P1","16","99.1"
"B0-B","P1","17","105.6"
"B0-B","P1","18","104.1"
"B0-B","P1","19","96.6"
"B0-B","P1","20","102.4"
"B0-B","P1","21","108.2"
"B0-B","P1","22","99"
"B0-B","P1","23","119.6"
"B0-B","P1","24","96.4"
"B0-B","P1","25","123.2"
"B0-B","P1","26","115.5"
"B0-B","P1","27","139.2"
"B0-B","P1","28","115.2"
"B0-B","P1","29","142.3"
"B0-B","P1","30","121.4"
"B0-B","P1","31","112.3"
"B0-B","P1","32","119.3"
"B0-B","P1","33","103.2"
"B0-B","P1","34","106.5"
"B0-B","P1","35","103.7"
"B0-B","P1","36","105.9"
"B0-B","P1","37","105.1"
"B0-B","P1","38","117.6"
"B0-B","P1","39","94.4"
"B0-B","P1","40","105.9"
"B0-B","P1","41","136.5"
"B0-B","P1","42","129"
"B0-B","P1","43","117.3"
"B0-B","P1","44","103.4"
"B0-B","P1","45","105"
"B0-B","P1","46","94.4"
"B0-B","P1","47","107.8"
"B0-B","P1","48","101"
"B0-B","P1","49","119.4"
"B0-B","P1","50","100.9"
"B0-B","PA10","1","432.7"
"B0-B","PA10","2","408"
"B0-B","PA10","3","448.1"
"B0-B","PA10","4","387.2"
"B0-B","PA10","5","380.6"
"B0-B","PA10","6","383.1"
"B0-B","PA10","7","398.9"
"B0-B","PA10","8","395.8"
"B0-B","PA10","9","380.6"
"B0-B","PA10","10","365.8"
"B0-B","PA10","11","373.3"
"B0-B","PA10","12","389.7"
"B0-B","PA10","13","374.5"
"B0-B","PA10","14","370.5"
"B0-B","PA10","15","386.8"
"B0-B","PA10","16","401.2"
"B0-B","PA10","17","390.2"
"B0-B","PA10","18","372.1"
"B0-B","PA10","19","389.8"
"B0-B","PA10","20","396.5"
"B0-B","PA10","21","391.4"
"B0-B","PA10","22","400.4"
"B0-B","PA10","23","371.2"
"B0-B","PA10","24","382.6"
"B0-B","PA10","25","389.6"
"B0-B","PA10","26","383.5"
"B0-B","PA10","27","377.6"
"B0-B","PA10","28","370.7"
"B0-B","PA10","29","401.7"
"B0-B","PA10","30","381.4"
"B0-B","PA10","31","382.9"
"B0-B","PA10","32","373.2"
"B0-B","PA10","33","423.5"
"B0-B","PA10","34","395.2"
"B0-B","PA10","35","375.8"
"B0-B","PA10","36","376.5"
"B0-B","PA10","37","391.2"
"B0-B","PA10","38","394.5"
"B0-B","PA10","39","369.6"
"B0-B","PA10","40","373.5"
"B0-B","PA10","41","367.1"
"B0-B","PA10","42","408.1"
"B0-B","PA10","43","381"
"B0-B","PA10","44","374.6"
"B0-B","PA10","45","372.7"
"B0-B","PA10","46","392.9"
"B0-B","PA10","47","381"
"B0-B","PA10","48","371.3"
"B0-B","PA10","49","382"
"B0-B","PA10","50","387.4"
"B0-B","PC10","1","464.5"
"B0-B","PC10","2","447.8"
"B0-B","PC10","3","418.7"
"B0-B","PC10","4","430.9"
"B0-B","PC10","5","464.9"
"B0-B","PC10","6","448.2"
"B0-B","PC10","7","426.1"
"B0-B","PC10","8","427.5"
"B0-B","PC10","9","429.5"
"B0-B","PC10","10","426.4"
"B0-B","PC10","11","444.4"
"B0-B","PC10","12","420.8"
"B0-B","PC10","13","447.6"
"B0-B","PC10","14","397.4"
"B0-B","PC10","15","410.6"
"B0-B","PC10","16","407.4"
"B0-B","PC10","17","437.7"
"B0-B","PC10","18","400.5"
"B0-B","PC10","19","396.5"
"B0-B","PC10","20","404.4"
"B0-B","PC10","21","414.8"
"B0-B","PC10","22","392.6"
"B0-B","PC10","23","400.9"
"B0-B","PC10","24","398.1"
"B0-B","PC10","25","429.6"
"B0-B","PC10","26","416.2"
"B0-B","PC10","27","422.6"
"B0-B","PC10","28","401.3"
"B0-B","PC10","29","421.9"
"B0-B","PC10","30","415.9"
"B0-B","PC10","31","410"
"B0-B","PC10","32","421"
"B0-B","PC10","33","436.2"
"B0-B","PC10","34","421.4"
"B0-B","PC10","35","417.8"
"B0-B","PC10","36","408.9"
"B0-B","PC10","37","460"
"B0-B","PC10","38","407.6"
"B0-B","PC10","39","413.4"
"B0-B","PC10","40","446.6"
"B0-B","PC10","41","450.2"
"B0-B","PC10","42","422.1"
"B0-B","PC10","43","401.9"
"B0-B","PC10","44","410.8"
"B0-B","PC10","45","428.1"
"B0-B","PC10","46","409.3"
"B0-B","PC10","47","398.2"
"B0-B","PC10","48","396.1"
"B0-B","PC10","49","438.1"
"B0-B","PC10","50","406.8"
"B0-B","P10","1","405.3"
"B0-B","P10","2","386.8"
"B0-B","P10","3","379.5"
"B0-B","P10","4","419"
"B0-B","P10","5","375.9"
"B0-B","P10","6","384.3"
"B0-B","P10","7","374.4"
"B0-B","P10","8","416.5"
"B0-B","P10","9","386.5"
"B0-B","P10","10","370.4"
"B0-B","P10","11","387.1"
"B0-B","P10","12","396.1"
"B0-B","P10","13","403.7"
"B0-B","P10","14","386.1"
"B0-B","P10","15","380.5"
"B0-B","P10","16","391.9"
"B0-B","P10","17","406.2"
"B0-B","P10","18","375"
"B0-B","P10","19","401.3"
"B0-B","P10","20","379.9"
"B0-B","P10","21","394.8"
"B0-B","P10","22","405.3"
"B0-B","P10","23","382.7"
"B0-B","P10","24","381.8"
"B0-B","P10","25","399.1"
"B0-B","P10","26","399.5"
"B0-B","P10","27","389.9"
"B0-B","P10","28","384.3"
"B0-B","P10","29","400.6"
"B0-B","P10","30","384.6"
"B0-B","P10","31","375.9"
"B0-B","P10","32","386.4"
"B0-B","P10","33","389.3"
"B0-B","P10","34","412"
"B0-B","P10","35","378.1"
"B0-B","P10","36","385"
"B0-B","P10","37","378.4"
"B0-B","P10","38","391.6"
"B0-B","P10","39","400.2"
"B0-B","P10","40","394.1"
"B0-B","P10","41","383"
"B0-B","P10","42","402.2"
"B0-B","P10","43","386.9"
"B0-B","P10","44","395.8"
"B0-B","P10","45","386.3"
"B0-B","P10","46","401.4"
"B0-B","P10","47","386.6"
"B0-B","P10","48","380.8"
"B0-B","P10","49","406"
"B0-B","P10","50","390.5"
"B0-C","P0","1","168.2"
"B0-C","P0","2","163.6"
"B0-C","P0","3","164.4"
"B0-C","P0","4","148.2"
"B0-C","P0","5","141.6"
"B0-C","P0","6","146.2"
"B0-C","P3","1","361139.6"
"B0-C","P3","2","423280"
"B0-C","P3","3","498719"
"B0-C","P3","4","558677.8"
"B0-C","P50","1","47214900.2"
"B0-C","P25","1","13238851.4"
"B0-C","P25","2","17224182.2"
"B0-C","P1","1","84269.8"
"B0-C","P1","2","98888.8"
"B0-C","P1","3","114108.6"
"B0-C","P1","4","106140.4"
"B0-C","P1","5","114153.2"
"B0-C","P1","6","121025"
"B0-C","P10","1","2739164.6"
"B0-C","P10","2","3353635.8"
"B0-C","P10","3","4132317"
"B0-D","P0","1","888630"
"B0-D","P0","2","527229"
"B0-D","P0","3","518773"
"B0-D","P0","4","519321"
"B0-D","P0","5","513990"
"B0-D","P0","6","515417"
"B0-D","P0","7","547619"
"B0-D","P0","8","531253"
"B0-D","P10","1","1630607"
"B0-D","P10","2","1231300"
"B0-D","P10","3","1340701"
"B0-D","P10","4","1285581"
"B0-D","P10","5","1986281"
"B0-D","P10","6","1566232"
"B0-D","P10","7","1317249"
"B0-D","P10","8","1318944"
"B0-D","P1","1","970535"
"B0-D","P1","2","598405"
"B0-D","P1","3","608531"
"B0-D","P1","4","620100"
"B0-D","P1","5","624986"
"B0-D","P1","6","610569"
"B0-D","P1","7","600581"
"B0-D","P1","8","595358"
